[
  {
    "model": "attendance_app.attendancerecord",
    "pk": 16,
    "fields": {
      "employee": 1008,
      "date": "2025-06-24",
      "time": "12:55:22.781",
      "attendance_type": "IN",
      "remarks": "Atharv Tiwari: In Time. Late entry.",
      "emotional_state": "neutral"
    }
  },
  {
    "model": "attendance_app.attendancerecord",
    "pk": 19,
    "fields": {
      "employee": 1005,
      "date": "2025-06-24",
      "time": "15:31:13.781",
      "attendance_type": "IN",
      "remarks": "vishal lokwani: In Time. Late entry.",
      "emotional_state": "neutral"
    }
  },
  {
    "model": "attendance_app.attendancerecord",
    "pk": 27,
    "fields": {
      "employee": 1005,
      "date": "2025-06-26",
      "time": "18:57:21.783",
      "attendance_type": "IN",
      "remarks": "vishal lokwani: In Time. Late entry.",
      "emotional_state": "neutral"
    }
  },
  {
    "model": "attendance_app.attendancerecord",
    "pk": 28,
    "fields": {
      "employee": 1005,
      "date": "2025-06-26",
      "time": "18:58:59.774",
      "attendance_type": "BREAK IN",
      "remarks": "vishal lokwani: Break In",
      "emotional_state": null
    }
  },
  {
    "model": "attendance_app.attendancerecord",
    "pk": 32,
    "fields": {
      "employee": 1020,
      "date": "2025-06-27",
      "time": "11:09:02.865",
      "attendance_type": "IN",
      "remarks": "Dipanshu: In Time. Late entry.",
      "emotional_state": null
    }
  },
  {
    "model": "attendance_app.attendancerecord",
    "pk": 33,
    "fields": {
      "employee": 1008,
      "date": "2025-06-27",
      "time": "11:11:52.901",
      "attendance_type": "IN",
      "remarks": "Atharv Tiwari: In Time. Late entry.",
      "emotional_state": null
    }
  },
  {
    "model": "attendance_app.attendancerecord",
    "pk": 40,
    "fields": {
      "employee": 1005,
      "date": "2025-07-01",
      "time": "12:18:32.769",
      "attendance_type": "IN",
      "remarks": "vishal lokwani: In Time. Late entry.",
      "emotional_state": null
    }
  },
  {
    "model": "attendance_app.attendancerecord",
    "pk": 41,
    "fields": {
      "employee": 1005,
      "date": "2025-07-01",
      "time": "12:18:55.791",
      "attendance_type": "BREAK_IN",
      "remarks": "vishal lokwani: Break In",
      "emotional_state": null
    }
  },
  {
    "model": "attendance_app.attendancerecord",
    "pk": 42,
    "fields": {
      "employee": 1005,
      "date": "2025-07-01",
      "time": "12:19:25.303",
      "attendance_type": "BREAK_OUT",
      "remarks": "vishal lokwani: Break Out",
      "emotional_state": null
    }
  },
  {
    "model": "attendance_app.attendancerecord",
    "pk": 43,
    "fields": {
      "employee": 1002,
      "date": "2025-07-01",
      "time": "16:21:21.248",
      "attendance_type": "IN",
      "remarks": "Indresh Chandel: In Time. Late entry.",
      "emotional_state": null
    }
  },
  {
    "model": "attendance_app.attendancerecord",
    "pk": 45,
    "fields": {
      "employee": 1005,
      "date": "2025-07-02",
      "time": "11:58:20.340",
      "attendance_type": "IN",
      "remarks": "vishal lokwani: In Time. Late entry.",
      "emotional_state": null
    }
  },
  {
    "model": "attendance_app.attendancerecord",
    "pk": 46,
    "fields": {
      "employee": 1002,
      "date": "2025-07-02",
      "time": "12:02:40.806",
      "attendance_type": "IN",
      "remarks": "Indresh Chandel: In Time. Late entry.",
      "emotional_state": null
    }
  },
  {
    "model": "attendance_app.attendancerecord",
    "pk": 51,
    "fields": {
      "employee": 1003,
      "date": "2025-07-03",
      "time": "11:06:59.872",
      "attendance_type": "IN",
      "remarks": "Gaurav Yadav: In Time. Late entry.",
      "emotional_state": null
    }
  },
  {
    "model": "attendance_app.attendancerecord",
    "pk": 54,
    "fields": {
      "employee": 1000,
      "date": "2025-07-03",
      "time": "11:02:00",
      "attendance_type": "IN",
      "remarks": "Bhoomik Sevta: In Time. Late entry.",
      "emotional_state": "happy"
    }
  },
  {
    "model": "attendance_app.attendancerecord",
    "pk": 55,
    "fields": {
      "employee": 1000,
      "date": "2025-07-03",
      "time": "15:54:42",
      "attendance_type": "OUT",
      "remarks": "Bhoomik Sevta: Out Time. Overtime",
      "emotional_state": "neutral"
    }
  },
  {
    "model": "attendance_app.attendancerecord",
    "pk": 56,
    "fields": {
      "employee": 1000,
      "date": "2025-07-02",
      "time": "12:06:30",
      "attendance_type": "IN",
      "remarks": "Bhoomik Sevta: In Time. Late entry.",
      "emotional_state": "happy"
    }
  },
  {
    "model": "attendance_app.attendancerecord",
    "pk": 57,
    "fields": {
      "employee": 1000,
      "date": "2025-07-01",
      "time": "10:00:26",
      "attendance_type": "IN",
      "remarks": "Bhoomik Sevta: In Time.",
      "emotional_state": "neutral"
    }
  },
  {
    "model": "attendance_app.attendancerecord",
    "pk": 58,
    "fields": {
      "employee": 1000,
      "date": "2025-06-30",
      "time": "10:00:26",
      "attendance_type": "IN",
      "remarks": "Bhoomik Sevta: In Time.",
      "emotional_state": "neutral"
    }
  },
  {
    "model": "attendance_app.attendancerecord",
    "pk": 59,
    "fields": {
      "employee": 1000,
      "date": "2025-06-27",
      "time": "10:35:34",
      "attendance_type": "IN",
      "remarks": "Bhoomik Sevta: In Time.",
      "emotional_state": "happy"
    }
  },
  {
    "model": "attendance_app.attendancerecord",
    "pk": 10050,
    "fields": {
      "employee": 1000,
      "date": "2025-06-24",
      "time": "10:33:43",
      "attendance_type": "IN",
      "remarks": "Bhoomik Sevta: In Time.",
      "emotional_state": "neutral"
    }
  },
  {
    "model": "attendance_app.attendancerecord",
    "pk": 10051,
    "fields": {
      "employee": 1000,
      "date": "2025-06-24",
      "time": "21:28:35",
      "attendance_type": "OUT",
      "remarks": "Bhoomik Sevta: Out Time. Overtime.",
      "emotional_state": "happy"
    }
  },
  {
    "model": "attendance_app.attendancerecord",
    "pk": 10052,
    "fields": {
      "employee": 23,
      "date": "2025-07-02",
      "time": "21:34:57",
      "attendance_type": "OUT",
      "remarks": "Bhoomik Sevta: Out Time. Overtime.",
      "emotional_state": null
    }
  },
  {
    "model": "attendance_app.attendancerecord",
    "pk": 10053,
    "fields": {
      "employee": 1000,
      "date": "2025-07-01",
      "time": "20:12:34",
      "attendance_type": "OUT",
      "remarks": "Bhoomik Sevta: Out Time. Overtime.",
      "emotional_state": "sad"
    }
  },
  {
    "model": "attendance_app.locationsetting",
    "pk": 1,
    "fields": {
      "latitude": 26.871497,
      "longitude": 75.763645,
      "radius_meters": 50,
      "updated_at": "2025-06-20T10:18:10.950Z"
    }
  }
]